Area,Release Date,Opening,Opening_Adj 2020,Gross,Gross_Adj 2020,Movie
USA,"Oct 8, 2021",55225007,55225007,145856013,145856013,No Time to Die
United Kingdom,"Oct 1, 2021",35102907,35102907,117651754,117651754,No Time to Die
Germany,"Sep 30, 2021",15106157,15106157,67412729,67412729,No Time to Die
France,"Oct 6, 2021",9648236,9648236,29501428,29501428,No Time to Die
Netherlands,"Sep 30, 2021",4087377,4087377,19950842,19950842,No Time to Die
Italy,"Sep 30, 2021",2979565,2979565,9089748,9089748,No Time to Die
Spain,"Oct 1, 2021",2499000,2499000,8738356,8738356,No Time to Die
Poland,"Oct 1, 2021",2335391,2335391,8109045,8109045,No Time to Die
United Arab Emirates,"Sep 30, 2021",2018682,2018682,6065399,6065399,No Time to Die
Austria,"Oct 1, 2021",2000000,2000000,5683000,5683000,No Time to Die
Denmark,"Sep 30, 2021",4300000,4300000,4300000,4300000,No Time to Die
Sweden,"Oct 1, 2021",4300000,4300000,4300000,4300000,No Time to Die
Switzerland,"Sep 29, 2021",3400000,3400000,3400000,3400000,No Time to Die
Norway,"Oct 1, 2021",2900000,2900000,2900000,2900000,No Time to Die
Czech Republic,"Sep 30, 2021",959686,959686,2857562,2857562,No Time to Die
Portugal,"Sep 30, 2021",829699,829699,2835820,2835820,No Time to Die
Finland,"Oct 1, 2021",2700000,2700000,2700000,2700000,No Time to Die
Ukraine,"Sep 30, 2021",937099,937099,2463231,2463231,No Time to Die
Saudi Arabia,"Sep 30, 2021",1800000,1800000,1800000,1800000,No Time to Die
Hungary,"Sep 30, 2021",573356,573356,1581879,1581879,No Time to Die
South Africa,"Oct 1, 2021",345143,345143,1432577,1432577,No Time to Die
Slovakia,"Sep 30, 2021",329990,329990,836832,836832,No Time to Die
Romania,"Oct 1, 2021",316518,316518,831578,831578,No Time to Die
Croatia,"Sep 30, 2021",226608,226608,806607,806607,No Time to Die
Turkey,"Oct 1, 2021",199084,199084,657898,657898,No Time to Die
Iceland,"Oct 8, 2021",188143,188143,632952,632952,No Time to Die
Greece,"Oct 1, 2021",575000,575000,575000,575000,No Time to Die
Bulgaria,"Oct 1, 2021",149061,149061,547476,547476,No Time to Die
Slovenia,"Sep 30, 2021",160807,160807,541360,541360,No Time to Die
Serbia and Montenegro,"Oct 7, 2021",241156,241156,521020,521020,No Time to Die
Lithuania,"Oct 1, 2021",115712,115712,433992,433992,No Time to Die
Estonia,"Oct 1, 2021",180000,180000,180000,180000,No Time to Die
Latvia,"Oct 1, 2021",104000,104000,104000,104000,No Time to Die
Mexico,"Sep 30, 2021",2389000,2389000,6169077,6169077,No Time to Die
Colombia,"Sep 30, 2021",507047,507047,1470808,1470808,No Time to Die
Brazil,"Sep 30, 2021",1302000,1302000,1302000,1302000,No Time to Die
Argentina,"Oct 1, 2021",262000,262000,262000,262000,No Time to Die
Ecuador,"Oct 1, 2021",211000,211000,211000,211000,No Time to Die
Chile,"Oct 1, 2021",187000,187000,187000,187000,No Time to Die
Peru,"Oct 1, 2021",78000,78000,78000,78000,No Time to Die
Bolivia,"Oct 1, 2021",62000,62000,62000,62000,No Time to Die
Paraguay,"Oct 1, 2021",29000,29000,29000,29000,No Time to Die
Uruguay,"Oct 1, 2021",24000,24000,24000,24000,No Time to Die
Japan,"Oct 1, 2021",3878759,3878759,21516066,21516066,No Time to Die
Russia/CIS,"Oct 7, 2021",5057004,5057004,12197398,12197398,No Time to Die
South Korea,"Sep 29, 2021",3286667,3286667,10156918,10156918,No Time to Die
Hong Kong,"Sep 30, 2021",2874414,2874414,6841073,6841073,No Time to Die
New Zealand,"Oct 7, 2021",693000,693000,2499770,2499770,No Time to Die
India,"Sep 30, 2021",2001000,2001000,2001000,2001000,No Time to Die
Taiwan,"Oct 1, 2021",1500000,1500000,1500000,1500000,No Time to Die
Indonesia,"Oct 1, 2021",1002000,1002000,1002000,1002000,No Time to Die
Singapore,"Oct 1, 2021",813000,813000,813000,813000,No Time to Die
Thailand,"Oct 7, 2021",648000,648000,648000,648000,No Time to Die
Mongolia,"Oct 1, 2021",24000,24000,24000,24000,No Time to Die
China,"Oct 29, 2021",28252000,28252000,49181000,49181000,No Time to Die
USA,"Nov 6, 2015",70403148,77866203.63,200074609,221283432.5,Spectre
Austria,"Nov 6, 2015",2088693,2310104.009,8141137,9004134.75,Spectre
Belgium,"Nov 4, 2015",2343319,2591721.53,7899617,8737012.525,Spectre
Bulgaria,"Nov 6, 2015",190116,210269.1654,7235,8001.943084,Spectre
Croatia,"Nov 5, 2015",333839,369227.4606,1014459,1121996.293,Spectre
Czech Republic,"Nov 4, 2015",837633,926425.9283,2391129,2644599.608,Spectre
Denmark,"Oct 30, 2015",3054050,3377793.266,14213968,15720713.61,Spectre
Egypt,"Nov 6, 2015",48016,53105.91557,267637,296007.7459,Spectre
Estonia,"Nov 6, 2015",208855,230994.5851,633467,700617.3987,Spectre
Ethiopia,"Nov 6, 2015",0,0,16126,17835.42974,Spectre
Finland,"Oct 30, 2015",1749795,1935281.271,9260527,10242185.21,Spectre
France,"Nov 11, 2015",13018398,14398407.72,39509522,43697712,Spectre
Germany,"Nov 5, 2015",18057093,19971227.43,72716675,80424975.07,Spectre
Ghana,"Nov 6, 2015",15024,16616.6127,61329,67830.15445,Spectre
Greece,"Nov 12, 2015",1232933,1363629.536,3700102,4092329.732,Spectre
Hungary,"Nov 5, 2015",474075,524329.1179,1333699,1475077.193,Spectre
Iceland,"Nov 6, 2015",136105,150532.7524,516267,570993.6628,Spectre
Israel,"Nov 5, 2015",756309,836481.2125,2732288,3021923.022,Spectre
Italy,"Nov 6, 2015",5385267,5956129.928,13609170,15051804.25,Spectre
Kenya,"Nov 6, 2015",108543,120049.0543,326291,360879.3381,Spectre
Latvia,"Nov 6, 2015",171831,190045.8717,487808,539517.8786,Spectre
Lebanon,"Nov 6, 2015",119617,132296.949,1090642,1206255.039,Spectre
Lithuania,"Nov 6, 2015",0,0,415692,459757.2529,Spectre
Netherlands,"Oct 28, 2015",3718912,4113133.678,22118230,24462863.52,Spectre
Nigeria,"Nov 6, 2015",118407,130958.6835,477173,527755.52,Spectre
Norway,"Oct 30, 2015",0,0,9657486,10681223.68,Spectre
Oman,"Nov 6, 2015",33298,36827.74027,101724,112507.2092,Spectre
Poland,"Nov 6, 2015",0,0,8969943,9920797.976,Spectre
Portugal,"Nov 5, 2015",879938,973215.4518,2802979,3100107.591,Spectre
Romania,"Nov 6, 2015",494521,546942.4873,1499723,1658700.496,Spectre
Serbia and Montenegro,"Nov 5, 2015",111199,122986.6025,431644,477400.2378,Spectre
Slovakia,"Nov 5, 2015",400424,442870.7751,943815,1043863.706,Spectre
Slovenia,"Nov 5, 2015",164188,181592.6788,535765,592558.5399,Spectre
South Africa,"Nov 27, 2015",675009,746563.0407,2669309,2952267.96,Spectre
Spain,"Nov 6, 2015",3047521,3370572.162,8068096,8923351.07,Spectre
Sweden,"Oct 30, 2015",2815877,3114372.838,13259877,14665484.6,Spectre
Switzerland (French),"Nov 11, 2015",1275388,1410584.96,3399713,3760098.124,Spectre
Switzerland (German),"Nov 5, 2015",3399035,3759348.253,13165256,14560833.34,Spectre
Turkey,"Nov 6, 2015",940698,1040416.29,2821829,3120955.778,Spectre
Ukraine,"Nov 6, 2015",648423,717158.8031,1507671,1667491.02,Spectre
United Arab Emirates,"Nov 5, 2015",2118329,2342881.561,6058268,6700472.111,Spectre
United Kingdom,"Oct 26, 2015",63735131,70491346.33,124526863,137727279.9,Spectre
Argentina,"Nov 5, 2015",740110,818565.0444,2242749,2480490.65,Spectre
Bolivia,"Nov 12, 2015",83202,92021.79247,242051,267709.5129,Spectre
Brazil,"Nov 5, 2015",2334110,2581536.333,8266418,9142696.109,Spectre
Chile,"Nov 5, 2015",333412,368755.1966,970358,1073220.385,Spectre
Colombia,"Nov 5, 2015",705386,780160.1416,1926524,2130744.354,Spectre
Ecuador,"Nov 13, 2015",295922,327291.0852,790731,874552.1019,Spectre
Mexico,"Nov 6, 2015",4498070,4974885.989,11604067,12834151.17,Spectre
Peru,"Nov 5, 2015",383979,424682.5299,927412,1025721.913,Spectre
Uruguay,"Nov 12, 2015",41701,46121.49669,138455,153131.8631,Spectre
Venezuela,"Nov 6, 2015",994915,1100380.54,4765612,5270788.664,Spectre
Australia,"Nov 12, 2015",8071919,8927579.325,25373937,28063690.35,Spectre
Hong Kong,"Nov 5, 2015",2426587,2683816.318,5631130,6228055.53,Spectre
India,"Nov 20, 2015",4358851,4820909.138,8350274,9235441.228,Spectre
Japan,"Dec 4, 2015",2954207,3267366.451,24231095,26799701.87,Spectre
Malaysia,"Nov 5, 2015",2346660,2595416.691,5361057,5929353.557,Spectre
New Zealand,"Nov 12, 2015",1199514,1326667.969,3970646,4391552.633,Spectre
Philippines,"Nov 6, 2015",1388286,1535450.664,3202807,3542319.188,Spectre
Russia/CIS,"Nov 6, 2015",6305644,6974071.098,11584933,12812988.87,Spectre
Singapore,"Nov 5, 2015",1764844,1951925.534,4598137,5085560.548,Spectre
South Korea,"Nov 11, 2015",5741391,6350004.7,12053239,13330937.45,Spectre
Taiwan,"Nov 5, 2015",1936228,2141477.022,5666876,6267590.77,Spectre
Thailand,"Nov 5, 2015",1615065,1786269.275,4364330,4826968.937,Spectre
Vietnam,"Nov 6, 2015",772940,854875.1745,2015288,2228917.744,Spectre
China,"Nov 13, 2015",44495427,49212145.73,83509789,92362208.51,Spectre
USA,"Nov 9, 2012",88364714,104106958.5,304360277,358582304,Skyfall
Austria,"Nov 1, 2012",2154796,2538674.632,8839651,10414441.9,Skyfall
Bahrain,"Oct 26, 2012",235592,277562.9034,577196,680023.9294,Skyfall
Belgium,"Oct 26, 2012",1490923,1756532.126,11267855,13275232.39,Skyfall
Bulgaria,"Oct 26, 2012",173062,203893.1338,822476,969000.7578,Skyfall
Croatia,"Nov 1, 2012",337139,397200.5827,1009090,1188860.191,Skyfall
Czech Republic,"Oct 25, 2012",864303,1018279.271,3337507,3932086.544,Skyfall
Denmark,"Oct 26, 2012",2643057,3113919.72,15872425,18700110.22,Skyfall
East Africa,"Nov 2, 2012",113196,133361.958,378484,445911.2276,Skyfall
Egypt,"Oct 31, 2012",226203,266501.2455,824903,971860.1298,Skyfall
Finland,"Oct 26, 2012",1466982,1728326.018,8882948,10465452.3,Skyfall
France,"Oct 26, 2012",10506171,12377853.77,60127766,70839575.64,Skyfall
Germany,"Nov 1, 2012",21534751,25371184.13,85283256,100476536.3,Skyfall
Greece,"Nov 1, 2012",1632356,1923161.528,5806892,6841394.458,Skyfall
Hungary,"Oct 26, 2012",526395,620172.6906,2364419,2785642.138,Skyfall
Iceland,"Oct 26, 2012",152410,179561.9635,670138,789523.6211,Skyfall
Israel,"Oct 26, 2012",659913,777477.0292,4818973,5677476.898,Skyfall
Italy,"Oct 31, 2012",7043445,8298240.365,17103042,20149962.62,Skyfall
Lebanon,"Nov 1, 2012",366166,431398.766,976280,1150205.064,Skyfall
Netherlands,"Nov 2, 2012",3805167,4483060.547,25100238,29571865.49,Skyfall
Nigeria,"Nov 2, 2012",100532,118441.8563,520651,613405.3924,Skyfall
Norway,"Oct 26, 2012",2821376,3324006.393,13828717,16292314,Skyfall
Poland,"Oct 26, 2012",2516586,2964917.81,10093068,11891156.14,Skyfall
Portugal,"Oct 26, 2012",676308,796792.8116,3485114,4105989.849,Skyfall
Russia,"Oct 25, 2012",0,0,8600000,10132096.88,Skyfall
Serbia and Montenegro,"Nov 1, 2012",99889,117684.3053,415941,490041.2221,Skyfall
Slovakia,"Oct 26, 2012",294385,346829.9234,1029907,1213385.756,Skyfall
Slovenia,"Oct 31, 2012",223765,263628.9139,720526,848888.2837,Skyfall
South Africa,"Nov 29, 2012",788523,928999.0037,3978051,4686743.97,Skyfall
Spain,"Oct 31, 2012",4014295,4729444.868,13772898,16226550.8,Skyfall
Sweden,"Oct 26, 2012",2878058,3390786.337,17862662,21044909.53,Skyfall
Turkey,"Nov 2, 2012",1051372,1238674.763,3663189,4315789.053,Skyfall
Ukraine,"Nov 1, 2012",1214298,1430626.161,2508384,2955254.618,Skyfall
United Arab Emirates,"Oct 26, 2012",1837922,2165349.276,4837217,5698971.081,Skyfall
United Kingdom,"Oct 26, 2012",32501802,38292024.04,161176369,189890068.2,Skyfall
Argentina,"Nov 1, 2012",742653,874957.2264,2820639,3323138.096,Skyfall
Bolivia,"Nov 1, 2012",81259,95735.3559,245684,289452.8013,Skyfall
Brazil,"Oct 26, 2012",3189031,3757159.425,14631082,17237620.97,Skyfall
Chile,"Nov 1, 2012",589250,694225.3592,1959082,2308094.027,Skyfall
Colombia,"Nov 2, 2012",714768,842104.4914,3002482,3537376.572,Skyfall
Ecuador,"Nov 1, 2012",228979,269771.7921,748481,881823.4893,Skyfall
Mexico,"Nov 1, 2012",2684294,3162503.125,9927335,11695897.68,Skyfall
Peru,"Nov 1, 2012",488966,576075.6843,1278704,1506506.141,Skyfall
Uruguay,"Nov 1, 2012",43008,50669.90963,201577,237488.1039,Skyfall
Venezuela,"Nov 2, 2012",501847,591251.4448,2158102,2542569.599,Skyfall
Australia,"Nov 22, 2012",12871637,15164729.44,49976352,58879679.11,Skyfall
Hong Kong,"Nov 1, 2012",1971464,2322681.89,5110895,6021405.035,Skyfall
India,"Nov 1, 2012",3920824,4619321.934,10949569,12900243.48,Skyfall
Indonesia,"Nov 1, 2012",2755926,3246896.423,7609328,8964935.874,Skyfall
Japan,"Dec 1, 2012",5675774,6686917.682,32497509,38286966.24,Skyfall
Malaysia,"Nov 1, 2012",2502913,2948808.955,6648898,7833404.501,Skyfall
New Zealand,"Nov 22, 2012",1539952,1814295.682,6374782,7510454.516,Skyfall
Philippines,"Oct 31, 2012",1884491,2220214.58,3665705,4318753.28,Skyfall
Russia/CIS,"Oct 25, 2012",8273265,9747153.782,25243991,29741228.2,Skyfall
Singapore,"Nov 1, 2012",2243757,2643484.106,5259603,6196605.485,Skyfall
South Korea,"Oct 26, 2012",5925335,6980938.173,16050743,18910195.71,Skyfall
Thailand,"Nov 1, 2012",1762394,2076365.902,3847723,4533197.933,Skyfall
China,"Jan 21, 2013",0,0,59330000,69899686.99,Skyfall
USA,"Nov 14, 2008",67528882,92004106.14,168368427,229392019.7,Quantum of Solace
Austria,"Nov 7, 2008",1607581,2190233.994,4753165,6475906.075,Quantum of Solace
Bahrain,"Nov 6, 2008",0,0,197567,269173.3478,Quantum of Solace
Belgium,"Nov 5, 2008",1576844,2148356.65,4745885,6465987.506,Quantum of Solace
Bulgaria,"Nov 7, 2008",120600,164310.3643,363630,495424.3596,Quantum of Solace
Croatia,"Nov 6, 2008",0,0,472250,643412.6827,Quantum of Solace
Czech Republic,"Nov 6, 2008",509574,694264.4243,1419955,1934604.671,Quantum of Solace
Denmark,"Nov 7, 2008",1975900,2692046.839,7405861,10090047.42,Quantum of Solace
East Africa,"Nov 7, 2008",78630,107128.7226,240746,328002.1804,Quantum of Solace
Egypt,"Nov 5, 2008",0,0,328809,447982.8074,Quantum of Solace
Estonia,"Nov 7, 2008",113585,154752.8418,357298,486797.3842,Quantum of Solace
Ethiopia,"Nov 7, 2008",0,0,14388,19602.79868,Quantum of Solace
Finland,"Nov 7, 2008",1168173,1591566.593,5272619,7183631.414,Quantum of Solace
France,"Oct 31, 2008",10620181,14469368.23,30829209,42002973.14,Quantum of Solace
Germany,"Nov 6, 2008",14884633,20279431.76,40804735,55594037.08,Quantum of Solace
Ghana,"Dec 5, 2008",0,0,30819,41989.06399,Quantum of Solace
Greece,"Nov 6, 2008",1461987,1991870.784,4033157,5494937.777,Quantum of Solace
Greece and Cyprus,"Nov 6, 2008",0,0,4190172,5708861.424,Quantum of Solace
Hungary,"Nov 13, 2008",412663,562228.9208,1007137,1372164.572,Quantum of Solace
Iceland,"Nov 7, 2008",122370,166721.8845,415259,565765.8172,Quantum of Solace
Israel,"Nov 6, 2008",0,0,1380991,1881518.526,Quantum of Solace
Italy,"Nov 7, 2008",3978050,5419857.75,9174615,12499870.09,Quantum of Solace
Jordan,"Nov 5, 2008",0,0,186734,254414.0262,Quantum of Solace
Kuwait,"Nov 6, 2008",0,0,518516,706447.3702,Quantum of Solace
Latvia,"Nov 7, 2008",118601,161586.8451,389579,530778.3367,Quantum of Solace
Lebanon,"Nov 6, 2008",141274,192477.466,377512,514337.7632,Quantum of Solace
Lithuania,"Nov 7, 2008",114316,155748.7861,283981,386907.3098,Quantum of Solace
Netherlands,"Nov 6, 2008",2249196,3064396.468,8891362,12113954.64,Quantum of Solace
Nigeria,"Nov 7, 2008",82270,112088.0072,283462,386200.203,Quantum of Solace
Norway,"Nov 7, 2008",2032381,2768998.86,6699109,9127139.636,Quantum of Solace
Oman,"Nov 6, 2008",0,0,85745,116822.4891,Quantum of Solace
Poland,"Nov 7, 2008",1676943,2284735.615,4999618,6811683.705,Quantum of Solace
Portugal,"Nov 6, 2008",863246,1176121.598,2334870,3181122.224,Quantum of Solace
Qatar,"Nov 6, 2008",0,0,219438,298971.2912,Quantum of Solace
Romania,"Nov 7, 2008",0,0,546787,744964.9349,Quantum of Solace
Serbia and Montenegro,"Nov 6, 2008",37782,51475.73949,170725,232602.711,Quantum of Solace
Slovakia,"Nov 6, 2008",121607,165682.3422,338578,461292.4918,Quantum of Solace
Slovenia,"Nov 6, 2008",193631,263810.7806,496139,675960.0317,Quantum of Solace
South Africa,"Nov 19, 2008",391666,533621.7507,1957830,2667427.533,Quantum of Solace
Spain,"Nov 21, 2008",5142528,7006390.124,12029112,16388953.36,Quantum of Solace
Sweden,"Oct 31, 2008",2398430,3267718.963,8990483,12249001.13,Quantum of Solace
Switzerland,"Nov 5, 2008",3281631,4471028.068,10702249,14581181.03,Quantum of Solace
Switzerland (French),"Nov 5, 2008",0,0,2004213,2730621.626,Quantum of Solace
Switzerland (German),"Nov 6, 2008",0,0,8522377,11611234.41,Quantum of Solace
Switzerland (Italian),"Nov 7, 2008",0,0,175659,239324.994,Quantum of Solace
Syria,"Nov 20, 2008",0,0,0,0,Quantum of Solace
Turkey,"Nov 7, 2008",581374,792087.676,1738528,2368641.534,Quantum of Solace
Ukraine,"Nov 6, 2008",1063396,1448814.13,2026217,2760600.774,Quantum of Solace
United Arab Emirates,"Nov 6, 2008",997501,1359036.092,2060077,2806733.021,Quantum of Solace
United Kingdom,"Oct 31, 2008",25309345,34482485.05,80805643,110092907.4,Quantum of Solace
Argentina,"Nov 6, 2008",386335,526358.5786,1280370,1744428.367,Quantum of Solace
Aruba,"Nov 12, 2008",0,0,56115,76453.36726,Quantum of Solace
Bolivia,"Nov 6, 2008",52664,71751.58395,177838,242293.7526,Quantum of Solace
Brazil,"Nov 7, 2008",2177002,2966036.415,7483199,10195415.87,Quantum of Solace
Central America,"Nov 7, 2008",0,0,1074896,1464482.2,Quantum of Solace
Chile,"Nov 6, 2008",259998,354231.8913,949223,1293260.173,Quantum of Solace
Colombia,"Nov 7, 2008",362341,493668.1733,1176309,1602651.412,Quantum of Solace
Curaçao,"Nov 13, 2008",0,0,50592,68928.60655,Quantum of Solace
Dominican Republic,"Dec 11, 2008",0,0,209190,285008.9975,Quantum of Solace
Ecuador,"Nov 7, 2008",0,0,494860,674217.4699,Quantum of Solace
Jamaica,"Nov 12, 2008",0,0,197969,269721.049,Quantum of Solace
Lesser Antilles,"Nov 12, 2008",0,0,268079,365241.7757,Quantum of Solace
Mexico,"Nov 14, 2008",2300082,3133725.633,6049122,8241570.807,Quantum of Solace
Peru,"Nov 19, 2008",219886,299581.6647,539450,734968.7065,Quantum of Solace
Uruguay,"Dec 26, 2008",27564,37554.31908,92992,126696.0978,Quantum of Solace
Venezuela,"Dec 5, 2008",427005,581769.0472,1155619,1574462.511,Quantum of Solace
Australia,"Nov 19, 2008",6146751,8374584.543,20145097,27446502.71,Quantum of Solace
Hong Kong,"Nov 6, 2008",1171631,1596277.914,2550839,3475367.208,Quantum of Solace
India,"Nov 7, 2008",0,0,9127201,12435271.32,Quantum of Solace
Indonesia,"Nov 5, 2008",0,0,2518434,3431217.313,Quantum of Solace
Japan,"Jan 24, 2009",6452284,8790855.178,21685734,29545529.46,Quantum of Solace
Malaysia,"Nov 6, 2008",1480734,2017412.462,3294649,4488764.323,Quantum of Solace
New Zealand,"Nov 27, 2008",846296,1153028.226,3015992,4109110.648,Quantum of Solace
Pakistan,"Nov 27, 2008",0,0,280580,382273.6485,Quantum of Solace
Philippines,"Nov 5, 2008",1095305,1492288.255,2175414,2963872.859,Quantum of Solace
Russia/CIS,"Nov 6, 2008",9669367,13173940.42,18045468,24585882.43,Quantum of Solace
Singapore,"Nov 5, 2008",1088684,1483267.534,2477339,3375227.807,Quantum of Solace
South Korea,"Nov 5, 2008",3338347,4548300.262,11562123,15752708.47,Quantum of Solace
Taiwan,"Nov 7, 2008",949337,1293415.492,3685154,5020804.28,Quantum of Solace
Thailand,"Nov 5, 2008",1108075,1509686.624,3044260,4147624.126,Quantum of Solace
Vietnam,"Nov 14, 2008",0,0,451191,614721.0412,Quantum of Solace
China,"Nov 5, 2008",0,0,20623947,28098907.5,Quantum of Solace
USA,"Nov 17, 2006",40833156,63534596.33,167445960,260538555.4,Casino Royale
Austria,"Nov 24, 2006",0,0,5942688,9246561.377,Casino Royale
Bahrain,"Nov 15, 2006",0,0,241620,375950.102,Casino Royale
Belgium,"Nov 22, 2006",1323801,2059776.182,6056429,9423537.375,Casino Royale
Bulgaria,"Nov 24, 2006",80836,125777.2637,228535,355590.417,Casino Royale
Croatia,"Nov 23, 2006",0,0,425306,661757.446,Casino Royale
Czech Republic,"Nov 16, 2006",313717,488129.8657,1225334,1906565.857,Casino Royale
Denmark,"Nov 24, 2006",2117318,3294453.763,12571582,19560829.13,Casino Royale
East Africa,"Dec 1, 2006",0,0,256056,398411.8836,Casino Royale
Egypt,"Nov 15, 2006",0,0,320655,498925.0888,Casino Royale
Estonia,"Nov 17, 2006",0,0,406159,631965.5554,Casino Royale
Finland,"Nov 24, 2006",0,0,5591405,8699980.466,Casino Royale
France,"Nov 22, 2006",0,0,26908166,41867923.82,Casino Royale
Germany,"Nov 23, 2006",12840429,19979143.25,50435057,78474732.33,Casino Royale
Greece,"Nov 16, 2006",0,0,4418836,6875514.631,Casino Royale
Hungary,"Dec 7, 2006",0,0,845527,1315602.855,Casino Royale
Iceland,"Nov 17, 2006",0,0,659619,1026338.177,Casino Royale
Israel,"Nov 16, 2006",0,0,1269376,1975093.273,Casino Royale
Italy,"Jan 5, 2007",4116380,6404906.386,10959793,17052956.28,Casino Royale
Jordan,"Nov 15, 2006",0,0,182257,283583.8827,Casino Royale
Kuwait,"Nov 15, 2006",0,0,337690,525430.8002,Casino Royale
Latvia,"Nov 16, 2006",0,0,392755,611109.5204,Casino Royale
Lebanon,"Nov 16, 2006",105703,164469.2229,362928,564700.0192,Casino Royale
Lithuania,"Nov 17, 2006",0,0,159848,248716.4635,Casino Royale
Netherlands,"Nov 23, 2006",1620749,2521814.22,10598499,16490798.69,Casino Royale
Nigeria,"Dec 1, 2006",0,0,210610,327699.9048,Casino Royale
Norway,"Nov 24, 2006",1630134,2536416.868,8111223,12620706.54,Casino Royale
Oman,"Nov 15, 2006",0,0,83193,129444.6521,Casino Royale
Poland,"Nov 17, 2006",782871,1218112.873,2902845,4516699.255,Casino Royale
Portugal,"Nov 23, 2006",0,0,2269111,3530637,Casino Royale
Qatar,"Nov 16, 2006",0,0,173302,269650.2963,Casino Royale
Romania,"Nov 24, 2006",0,0,303418,472105.0743,Casino Royale
Saudi Arabia,"Nov 15, 2006",0,0,1,1.555956055,Casino Royale
Serbia and Montenegro,"Nov 23, 2006",0,0,148044,230349.9582,Casino Royale
Slovakia,"Nov 16, 2006",55769,86774.11323,204895,318807.6159,Casino Royale
Slovenia,"Nov 23, 2006",0,0,491657,764996.6862,Casino Royale
South Africa,"Dec 1, 2006",0,0,3198272,4976370.684,Casino Royale
Spain,"Nov 24, 2006",3897387,6064162.902,12149464,18904032.08,Casino Royale
Sweden,"Nov 24, 2006",1989094,3094942.853,11939707,18577659.4,Casino Royale
Switzerland (French),"Nov 22, 2006",0,0,2026855,3153697.31,Casino Royale
Switzerland (German),"Nov 23, 2006",0,0,8405063,13077908.67,Casino Royale
Switzerland (Italian),"Jan 5, 2007",0,0,168658,262424.4363,Casino Royale
Syria,"Nov 16, 2006",0,0,0,0,Casino Royale
Turkey,"Nov 17, 2006",446321,694455.8625,1564482,2434265.241,Casino Royale
Ukraine,"Nov 16, 2006",535410,833074.4314,1201323,1869205.796,Casino Royale
United Arab Emirates,"Nov 16, 2006",0,0,1712641,2664794.134,Casino Royale
United Kingdom,"Nov 17, 2006",25328602,39410191.65,110232687,171517216.8,Casino Royale
Argentina,"Dec 7, 2006",332366,517146.8902,1385218,2155338.335,Casino Royale
Aruba,"Nov 15, 2006",0,0,39778,61892.81996,Casino Royale
Bolivia,"Dec 27, 2006",0,0,79240,123293.9578,Casino Royale
Brazil,"Dec 15, 2006",0,0,6655927,10356329.92,Casino Royale
Central America+,"Dec 21, 2006",0,0,718997,1118727.736,Casino Royale
Chile,"Dec 7, 2006",0,0,807989,1257195.377,Casino Royale
Colombia,"Dec 7, 2006",0,0,1162038,1808080.062,Casino Royale
Curaçao,"Nov 16, 2006",0,0,54179,84300.14311,Casino Royale
Dominican Republic,"Dec 21, 2006",0,0,291723,453908.1683,Casino Royale
Ecuador,"Dec 8, 2006",0,0,248268,386294.0979,Casino Royale
Jamaica,"Nov 15, 2006",0,0,175708,273393.9265,Casino Royale
Lesser Antilles,"Nov 15, 2006",0,0,175797,273532.4066,Casino Royale
Mexico,"Dec 8, 2006",0,0,6557256,10202802.18,Casino Royale
Peru,"Dec 7, 2006",0,0,383719,597049.9015,Casino Royale
Uruguay,"Dec 15, 2006",0,0,106363,165496.1539,Casino Royale
Venezuela,"Dec 8, 2006",0,0,968234,1506529.555,Casino Royale
Australia,"Dec 7, 2006",5383683,8376774.162,25391472,39508014.61,Casino Royale
Hong Kong,"Dec 20, 2006",0,0,2956570,4600292.994,Casino Royale
India,"Nov 17, 2006",0,0,9000930,14005051.53,Casino Royale
Indonesia,"Nov 15, 2006",0,0,2421928,3768413.537,Casino Royale
Japan,"Dec 1, 2006",2342385,3644648.124,16816091,26165098.61,Casino Royale
Malaysia,"Nov 16, 2006",0,0,2329467,3624548.284,Casino Royale
New Zealand,"Dec 7, 2006",827078,1286897.022,4130040,6426160.746,Casino Royale
Pakistan,"Dec 15, 2006",0,0,241592,375906.5353,Casino Royale
Philippines,"Nov 15, 2006",0,0,1830398,2848018.851,Casino Royale
Russia/CIS,"Nov 16, 2006",4548424,7077147.864,8919873,13878930.4,Casino Royale
Russia/CIS/Ukraine,"Nov 16, 2006",0,0,10207593,15882566.14,Casino Royale
Singapore,"Nov 16, 2006",0,0,2034804,3166065.605,Casino Royale
South Korea,"Dec 21, 2006",2435466,3789478.07,6511852,10132155.55,Casino Royale
Taiwan,"Nov 18, 2006",390447,607518.3738,3090700,4808993.379,Casino Royale
Thailand,"Nov 16, 2006",1087704,1692419.625,2650860,4124621.668,Casino Royale
Vietnam,"Dec 29, 2006",0,0,180000,280072.0899,Casino Royale
China,"Jan 30, 2007",0,0,11735457,18259855.38,Casino Royale
USA,"Nov 22, 2002",47072040,82203506.61,160942139,281058738.6,Die Another Day
United Kingdom,"Nov 22, 2002",14294312,24962643.87,59182873,103353066.7,Die Another Day
Germany,"Nov 28, 2002",0,0,33103482,57809738.04,Die Another Day
France,"Nov 20, 2002",0,0,23239131,40583285.93,Die Another Day
Spain,"Nov 22, 2002",0,0,9658648,16867225.95,Die Another Day
Netherlands,"Jan 9, 2003",0,0,7348890,12833616.89,Die Another Day
Italy,"Feb 28, 2003",0,0,6119089,10685973.52,Die Another Day
Norway,"Feb 28, 2003",929584,1623364.199,3799472,6635147.354,Die Another Day
Austria,"Nov 28, 2002",0,0,3690742,6445268.452,Die Another Day
Finland,"Nov 29, 2002",0,0,2533915,4425062.063,Die Another Day
Greece,"Jan 1, 2003",754800,1318132.947,2480000,4330908.463,Die Another Day
South Africa,"Dec 6, 2002",0,0,2421754,4229191.489,Die Another Day
Poland,"Nov 22, 2002",297178,518972.0626,1247330,2178254.86,Die Another Day
Turkey,"Jan 17, 2003",368985,644371.0722,1209168,2111611.26,Die Another Day
Czech Republic,"Jan 2, 2003",290760,507764.0906,880055,1536870.019,Die Another Day
Hungary,"Dec 19, 2002",0,0,599034,1046113.476,Die Another Day
Egypt,"Jan 1, 2003",0,0,280586,489996.8879,Die Another Day
Bulgaria,"Jan 24, 2003",47455,82872.2827,144390,252153.1746,Die Another Day
Mexico,"Dec 12, 2002",0,0,7454266,13017638.59,Die Another Day
Argentina,"Jan 17, 2003",0,0,930097,1624260.068,Die Another Day
Chile,"Dec 12, 2002",0,0,530058,925658.3379,Die Another Day
Japan,"Mar 8, 2003",3390270,5920543.965,18441255,32204591.67,Die Another Day
Australia,"Dec 12, 2002",0,0,10520593,18372469.86,Die Another Day
Russia/CIS,"Dec 11, 2002",0,0,3618995,6319974.223,Die Another Day
South Korea,"Jan 3, 2003",0,0,3409983,5954969.449,Die Another Day
Taiwan,"Jan 31, 2003",540719,944276.0053,1870696,3266860.136,Die Another Day
New Zealand,"Jan 2, 2003",0,0,1788758,3123769.016,Die Another Day
Hong Kong,"Jan 29, 2003",0,0,215480,376300.0627,Die Another Day
